{
  "image/New_HomeAvatarLogo.svg": 1732030587064,
  "controller/Report.controller.js": 1732030688212,
  "model/formatter.js": 1732030889428,
  "controller/Services.controller.js": 1732702863116,
  "model/models.js": 1732010199873,
  "controller/PaymentDetails.controller.js": 1732521751576,
  "controller/MainMenu.controller.js": 1732176233961,
  "controller/Home.controller.js": 1732520531949,
  "controller/CreateCustomer.controller.js": 1732030688212,
  "controller/App.controller.js": 1732030690640,
  "manifest.json": 1732703197046,
  "Component.js": 1732093920425,
  "Component-dbg.js": 1732093920425,
  "Component.js.map": 1732703197204,
  "model/formatter-dbg.js": 1732030889428,
  "model/formatter.js.map": 1732703197207,
  "controller/Services-dbg.controller.js": 1732702863116,
  "controller/Services.controller.js.map": 1732703197373,
  "model/models-dbg.js": 1732010199873,
  "model/models.js.map": 1732703197202,
  "controller/PaymentDetails-dbg.controller.js": 1732521751576,
  "controller/PaymentDetails.controller.js.map": 1732703197225,
  "controller/MainMenu-dbg.controller.js": 1732176233961,
  "controller/MainMenu.controller.js.map": 1732703197228,
  "controller/Home-dbg.controller.js": 1732520531949,
  "controller/Home.controller.js.map": 1732703197289,
  "controller/CreateCustomer-dbg.controller.js": 1732030688212,
  "controller/CreateCustomer.controller.js.map": 1732703197286,
  "controller/App-dbg.controller.js": 1732030690640,
  "controller/App.controller.js.map": 1732703197230,
  "controller/Report-dbg.controller.js": 1732030688212,
  "controller/Report.controller.js.map": 1732703197276,
  "Component-preload.js": 1732703197692,
  "Component-preload.js.map": 1732703197693,
  "view/Services.view.xml": 1732030646356,
  "view/Report.view.xml": 1732030646356,
  "view/PaymentDetails.view.xml": 1732519807751,
  "view/MainMenu.view.xml": 1732030646356,
  "view/Home.view.xml": 1732030646356,
  "view/CreateCustomer.view.xml": 1732030646356,
  "view/App.view.xml": 1732030649668,
  "image/wash.png": 1732030588000,
  "image/undo.png": 1732030588000,
  "image/ticket.png": 1732030588000,
  "image/maintenace1.png": 1732030586840,
  "image/location.png": 1732030586808,
  "image/link.png": 1732030586808,
  "image/fuel-station.png": 1732030586788,
  "image/file.png": 1732030586788,
  "image/check-out.png": 1732030585136,
  "image/cart.png": 1732030585136,
  "image/card.png": 1732030584916,
  "image/businessman2.png": 1732030584912,
  "image/businessman.png": 1732030584912,
  "image/bill.png": 1732030584896,
  "image/ZBG5.PNG": 1732030588236,
  "image/Worder.png": 1732030588000,
  "image/ReportIcon.png": 1732030587972,
  "image/ProductWhiteIcon.PNG": 1732030587972,
  "image/PorductWhitIcon.png": 1732030587972,
  "image/PorductColorIcon.png": 1732030587972,
  "image/New_SearchIcon.svg": 1732030587972,
  "image/New_ProductIcon.svg": 1732030587128,
  "i18n/i18n.properties": 1732029070205,
  "image/New_DashboardIcon1.svg": 1732030586872,
  "image/New_DashboardIcon.svg": 1732030586872,
  "image/New_CartIcon.svg": 1732030586872,
  "image/New_CarIcon.png": 1732030586844,
  "image/NewLogo.png": 1732030586844,
  "image/NewCWBanner.PNG": 1732030587064,
  "image/MoneyLogo.png": 1732030586844,
  "image/MenuIcon.png": 1732030586840,
  "image/Man-in-suit.png": 1732030586844,
  "image/LPGColorIcon.png": 1732030586828,
  "image/LPG.png": 1732030586784,
  "image/GassWhiteIcon.png": 1732030586808,
  "image/GassColorIcon.png": 1732030586800,
  "image/DesignCar.png": 1732030585180,
  "image/CarwashIcon.png": 1732030585136,
  "image/CardLogo.png": 1732030585136,
  "image/Car2.png": 1732030584916,
  "image/CW_WhiteIcon.png": 1732030585176,
  "image/CW_ColorIcon.png": 1732030585156,
  "image/CWWhiteIcon.png": 1732030585156,
  "image/CWNBG.PNG": 1732030585384,
  "image/CWColorIcon1.png": 1732030585152,
  "image/CWColorIcon.png": 1732030585152,
  "image/Banner12.PNG": 1732030584896,
  "image/Banner11.PNG": 1732030584896,
  "image/Banner10.PNG": 1732030584896,
  "image/AddUser.png": 1732030584172,
  "fragment/TagVehicleToCustomer.fragment.xml": 1732030628132,
  "fragment/SearchVehicle.fragment.xml": 1732077334647,
  "fragment/RewardCheck.fragment.xml": 1732030628132,
  "fragment/PlantF4.fragment.xml": 1732030628132,
  "fragment/ModelF4.fragment.xml": 1732030628132,
  "fragment/MaterialF4.fragment.xml": 1732030628132,
  "fragment/ManfacturerF4.fragment.xml": 1732030628132,
  "fragment/CreateCustomer.fragment.xml": 1732030628132,
  "fragment/AddToCartLPG.fragment.xml": 1732030628132,
  "fragment/AddToCart.fragment.xml": 1732701653474,
  "css/style.css": 1732076198238,
  "index.html": 1732076209982
}