{
  "controller/Report.controller.js": 1731929508443,
  "controller/App.controller.js": 1731929511223,
  "model/formatter.js": 1731929707656,
  "controller/Services.controller.js": 1731930142236,
  "i18n/i18n.properties": 1732003277156,
  "controller/PaymentDetails.controller.js": 1731929508443,
  "controller/MainMenu.controller.js": 1732005639100,
  "controller/Home.controller.js": 1731929508443,
  "controller/CreateCustomer.controller.js": 1731929508443,
  "model/models.js": 1731929132239,
  "manifest.json": 1732005713577,
  "Component.js": 1731929777044,
  "controller/CreateCustomer-dbg.controller.js": 1731929508443,
  "controller/CreateCustomer.controller.js.map": 1732005713759,
  "model/formatter-dbg.js": 1731929707656,
  "model/formatter.js.map": 1732005713723,
  "controller/Services-dbg.controller.js": 1731930142236,
  "controller/Services.controller.js.map": 1732005713856,
  "controller/Report-dbg.controller.js": 1731929508443,
  "controller/Report.controller.js.map": 1732005713715,
  "controller/PaymentDetails-dbg.controller.js": 1731929508443,
  "controller/PaymentDetails.controller.js.map": 1732005713731,
  "controller/MainMenu-dbg.controller.js": 1732005639100,
  "controller/MainMenu.controller.js.map": 1732005713791,
  "controller/Home-dbg.controller.js": 1731929508443,
  "controller/Home.controller.js.map": 1732005713807,
  "controller/App-dbg.controller.js": 1731929511223,
  "controller/App.controller.js.map": 1732005713761,
  "model/models-dbg.js": 1731929132239,
  "model/models.js.map": 1732005713784,
  "Component-dbg.js": 1731929777044,
  "Component.js.map": 1732005713787,
  "Component-preload.js": 1732005714038,
  "Component-preload.js.map": 1732005714039,
  "view/Services.view.xml": 1731929471731,
  "view/Report.view.xml": 1731929471731,
  "view/PaymentDetails.view.xml": 1731929471731,
  "view/MainMenu.view.xml": 1731929471731,
  "view/Home.view.xml": 1731929471731,
  "view/CreateCustomer.view.xml": 1731929471731,
  "view/App.view.xml": 1731929475451,
  "css/style.css": 1731929450715,
  "image/wash.png": 1731929688484,
  "image/undo.png": 1731929688484,
  "image/ticket.png": 1731929688456,
  "image/maintenace1.png": 1731929687196,
  "image/location.png": 1731929686668,
  "image/link.png": 1731929686668,
  "image/fuel-station.png": 1731929686592,
  "image/file.png": 1731929686592,
  "image/check-out.png": 1731929685228,
  "image/cart.png": 1731929685176,
  "image/card.png": 1731929685176,
  "image/businessman2.png": 1731929685176,
  "image/businessman.png": 1731929684940,
  "image/bill.png": 1731929684940,
  "image/ZBG5.PNG": 1731929688744,
  "image/Worder.png": 1731929688508,
  "image/ReportIcon.png": 1731929688456,
  "image/ProductWhiteIcon.PNG": 1731929688456,
  "image/PorductWhitIcon.png": 1731929688456,
  "image/PorductColorIcon.png": 1731929688456,
  "image/New_SearchIcon.svg": 1731929688456,
  "image/New_ProductIcon.svg": 1731929687780,
  "image/New_HomeAvatarLogo.svg": 1731929687560,
  "image/New_DashboardIcon1.svg": 1731929687320,
  "image/New_DashboardIcon.svg": 1731929687308,
  "image/New_CartIcon.svg": 1731929687276,
  "image/New_CarIcon.png": 1731929687276,
  "image/NewLogo.png": 1731929687276,
  "image/NewCWBanner.PNG": 1731929687500,
  "image/MoneyLogo.png": 1731929687276,
  "image/MenuIcon.png": 1731929687196,
  "image/Man-in-suit.png": 1731929687196,
  "image/LPGColorIcon.png": 1731929687196,
  "image/LPG.png": 1731929687188,
  "image/GassWhiteIcon.png": 1731929686668,
  "image/GassColorIcon.png": 1731929686632,
  "image/DesignCar.png": 1731929685656,
  "image/CarwashIcon.png": 1731929685176,
  "image/CardLogo.png": 1731929685176,
  "image/Car2.png": 1731929685176,
  "image/CW_WhiteIcon.png": 1731929685244,
  "image/CW_ColorIcon.png": 1731929685244,
  "image/CWWhiteIcon.png": 1731929685244,
  "image/CWNBG.PNG": 1731929685656,
  "image/CWColorIcon1.png": 1731929685228,
  "image/CWColorIcon.png": 1731929685228,
  "image/Banner12.PNG": 1731929684940,
  "image/Banner11.PNG": 1731929684940,
  "image/Banner10.PNG": 1731929684940,
  "image/AddUser.png": 1731929684696,
  "fragment/TagVehicleToCustomer.fragment.xml": 1731929726464,
  "fragment/SearchVehicle.fragment.xml": 1731929726412,
  "fragment/RewardCheck.fragment.xml": 1731929726412,
  "fragment/PlantF4.fragment.xml": 1731929726412,
  "fragment/ModelF4.fragment.xml": 1731929726412,
  "fragment/MaterialF4.fragment.xml": 1731929726412,
  "fragment/ManfacturerF4.fragment.xml": 1731929726412,
  "fragment/CreateCustomer.fragment.xml": 1731929726412,
  "fragment/AddToCartLPG.fragment.xml": 1731929726412,
  "fragment/AddToCart.fragment.xml": 1731929726412,
  "index.html": 1731929132235
}